BME,N,0082WB,,A,GPACKET-WB,MYR,0.26,0.26,0.27,0.26,131339400,0.265,0.27,18484400,0.265,10000,0.005,1.92,88792500,R,0.265
BME,N,5210,*,A,ARMADA,MYR,0.34,0.34,0.34,0.325,18002800,0.33,0.335,5280300,0.33,25000,-0.01,-2.94,71194000,R,0.33
BME,N,5218,,A,SAPNRG °,MYR,0.285,0.29,0.295,0.285,17287000,0.29,0.295,9126200,0.29,81300,0.005,1.75,61757400,R,0.29
BME,N,5243,*,A,VELESTO °,MYR,0.31,0.315,0.325,0.31,2737500,0.32,0.325,767900,0.325,5000,0.015,4.84,32103900,R,0.325
BME,N,7164,*,A,KNM °,MYR,0.4,0.405,0.41,0.395,4270300,0.395,0.4,1698500,0.395,2500,-0.005,-1.25,30899600,R,0.395
BME,N,43,*,A,MTRONIC °,MYR,0.05,0.05,0.055,0.045,9696600,0.05,0.055,11458100,0.05,44900,0,0,29622800,R,0.05
BME,N,7017,*,A,KOMARK °,MYR,0.34,0.34,0.345,0.33,2160000,0.325,0.33,21900,0.33,3100,-0.01,-2.94,27664100,R,0.33
BME,N,4723,*,A,JAKS °,MYR,0.74,0.745,0.785,0.745,140900,0.775,0.78,554200,0.775,19100,0.035,4.73,23706500,R,0.775
BME,N,5218WA,,A,SAPNRG-WA °,MYR,0.125,0.12,0.13,0.12,8208300,0.125,0.13,12557700,0.125,5000,0,0,18808200,R,0.125
BME,N,7066,*,A,YONGTAI °,MYR,0.2,0.205,0.21,0.2,60800,0.205,0.21,3454500,0.21,12000,0.01,5,15745700,R,0.21
BME,N,5238,*,A,AAX °,MYR,0.165,0.17,0.17,0.16,15288200,0.16,0.165,7781400,0.165,10000,0,0,15585700,R,0.165
BME,N,7045,*,A,SCOMIES °,MYR,0.12,0.12,0.125,0.105,1311900,0.11,0.115,2237600,0.115,2000,-0.005,-4.17,14862000,R,0.115
BME,N,3115WC,,A,KBUNAI-WC,MYR,0.015,0.025,0.03,0.025,202321900,0.025,0.03,98631700,0.03,10000,0.015,100,14622500,R,0.03
BME,N,5243WA,,A,VELESTO-WA °,MYR,0.115,0.12,0.125,0.12,2600000,0.125,0.13,3426300,0.125,5000,0.01,8.7,13992700,R,0.125
BME,N,1023,*,AC,CIMB,MYR,5.04,5.05,5.06,5.02,190300,5.03,5.04,84600,5.04,2000,0,0,13806700,R,5.04
BME,N,5268,*,A,IKHMAS °,MYR,0.125,0.125,0.13,0.115,266000,0.12,0.125,1724100,0.125,20000,0,0,13154500,R,0.125
BME,N,7164WB,,A,KNM-WB °,MYR,0.175,0.175,0.185,0.17,960500,0.175,0.18,2243300,0.18,73200,0.005,2.86,12509000,R,0.18
BME,N,5106,*,A,AXREIT °,MYR,1.82,1.82,1.84,1.8,1681100,1.82,1.84,33400,1.84,10000,0.02,1.1,11859800,R,1.84
BME,N,5178,*,A,DYNACIA,MYR,0.085,0.08,0.08,0.08,1249300,0.08,0.085,5231800,0.08,100000,-0.005,-5.88,11742100,R,0.08
BME,N,5037,*,A,COMPUGT °,MYR,0.025,0.02,0.02,0.015,41407200,0.015,0.02,975900,0.02,75900,-0.005,-20,9967900,R,-
BME,N,138,*,A,MYEG °,MYR,1.43,1.43,1.45,1.42,221900,1.43,1.44,428300,1.43,100,0,0,9267700,R,1.43
BME,N,1155,*,AX,MAYBANK,MYR,8.72,8.72,8.72,8.62,91500,8.64,8.65,718300,8.65,24000,-0.07,-0.8,8890500,R,8.65
BME,N,5216,*,AC,DSONIC °,MYR,0.935,0.935,0.945,0.92,865300,0.92,0.925,1072000,0.925,3000,-0.01,-1.07,8421300,R,0.925
BME,N,7206,*,A,THHEAVY °,MYR,0.06,0.065,0.065,0.06,3812900,0.06,0.065,3241200,0.065,100,0.005,8.33,8192700,R,0.065
BME,N,4715,*,AX,GENM,MYR,3.1,3.11,3.13,3.08,265500,3.09,3.1,701400,3.1,1000,0,0,7924600,R,3.1
BME,N,5183,*,A,PCHEM °,MYR,7.54,7.52,7.52,7.41,12600,7.45,7.46,884200,7.46,5000,-0.08,-1.06,7822500,R,7.46
BME,N,6963,*,A,VS °,MYR,1.38,1.37,1.39,1.36,127900,1.38,1.39,2342400,1.39,1400,0.01,0.72,7734600,R,1.39
BME,N,3115,*,A,KBUNAI,MYR,0.085,0.11,0.11,0.105,97095500,0.105,0.11,21404200,0.105,3000,0.02,23.53,7717300,R,0.105
BME,N,6742,*,AC,YTLPOWR,MYR,0.745,0.745,0.765,0.745,1733100,0.75,0.755,2530000,0.755,5000,0.01,1.34,7490600,R,0.755
BME,N,5145,*,A,SEALINK °,MYR,0.395,0.4,0.405,0.38,231000,0.395,0.4,1067500,0.4,1000,0.005,1.27,7464800,R,0.4
BME,N,7250,*,A,UZMA °,MYR,0.895,0.89,0.9,0.855,1400,0.865,0.87,138300,0.865,6600,-0.03,-3.35,7281200,R,0.865
BME,N,7277,*,A,DIALOG °,MYR,3.46,3.45,3.46,3.4,244800,3.42,3.43,666000,3.43,9600,-0.03,-0.87,7254100,R,3.43
BME,N,5277,*,A,FPGROUP °,MYR,0.41,0.41,0.41,0.395,1732600,0.39,0.395,1414300,0.395,2500,-0.015,-3.66,7238300,R,0.395
BME,N,8877,*,A,EKOVEST °,MYR,0.8,0.8,0.805,0.8,3149400,0.805,0.81,2542700,0.805,15000,0.005,0.63,7213200,R,0.805
BME,N,7168,*,A,PRG °,MYR,1.08,1.1,1.23,1.1,144700,1.22,1.23,203600,1.23,1400,0.15,13.89,6923700,R,1.23
BME,N,4456,*,A,DNEX °,MYR,0.275,0.275,0.285,0.275,4509500,0.275,0.28,1652500,0.28,100,0.005,1.82,6519700,R,0.28
BME,N,8419,,A,PANSAR °,MYR,0.545,0.55,0.59,0.55,214400,0.585,0.59,48400,0.59,1000,0.045,8.26,6444900,R,0.59
BME,N,82,*,A,GPACKET,MYR,0.695,0.7,0.71,0.69,1110000,0.69,0.695,25400,0.695,10000,0,0,6420400,R,0.695
BME,N,4197,*,AC,SIME °,MYR,2.3,2.29,2.34,2.29,26100,2.31,2.32,535300,2.31,26400,0.01,0.43,6132900,R,2.31
BME,N,5199,*,A,HIBISCS °,MYR,0.96,0.965,0.965,0.945,121500,0.945,0.95,280000,0.945,4200,-0.015,-1.56,6060900,R,0.945
BME,N,5176,*,A,SUNREIT,MYR,1.9,1.91,1.91,1.88,309800,1.88,1.89,2223200,1.89,4000,-0.01,-0.53,6024300,R,1.89
BME,N,5253,*,A,ECONBHD °,MYR,0.745,0.745,0.765,0.745,64100,0.75,0.755,84400,0.75,4700,0.005,0.67,6024200,R,0.75
BME,N,1589,*,A,IWCITY °,MYR,0.87,0.875,0.88,0.865,320000,0.87,0.875,75500,0.875,20000,0.005,0.57,5947400,R,0.875
BME,N,1651,*,A,MRCB °,MYR,0.735,0.735,0.745,0.73,503200,0.74,0.745,189700,0.74,25000,0.005,0.68,5732800,R,0.74
BME,N,5256,*,A,REACH °,MYR,0.22,0.22,0.22,0.205,2455700,0.21,0.215,1632800,0.215,2000,-0.005,-2.27,5581800,R,0.215
BME,N,9679WE,,A,WCT-WE °,MYR,0.07,0.07,0.07,0.06,674800,0.06,0.065,1427600,0.06,23200,-0.01,-14.29,5578700,R,0.06
BME,N,166,*,AX,INARI °,MYR,1.78,1.77,1.78,1.76,43000,1.77,1.78,1664200,1.78,4500,0,0,5485400,R,1.78
BME,N,5216WA,,A,DSONIC-WA °,MYR,0.45,0.45,0.45,0.43,144300,0.44,0.445,156800,0.44,5000,-0.01,-2.22,5358100,R,0.44
BME,N,5288,*,AC,SIMEPROP °,MYR,0.86,0.865,0.865,0.85,166500,0.855,0.86,729300,0.86,300,0,0,5200500,R,0.86
BME,N,6947,*,A,DIGI °,MYR,4.72,4.7,4.73,4.69,65900,4.69,4.72,10600,4.69,2000,-0.03,-0.64,5187400,R,4.69
BME,N,8206,*,A,ECOWLD °,MYR,0.67,0.66,0.66,0.645,462100,0.655,0.66,197200,0.66,200,-0.01,-1.49,5181000,R,0.66
BME,N,65,*,A,EFORCE °,MYR,0.66,0.66,0.67,0.655,160000,0.66,0.665,110600,0.665,5000,0.005,0.76,5121300,R,0.665
BME,N,1295,*,A,PBBANK,MYR,20.14,20.24,20.24,20.1,127400,20.1,20.14,606800,20.1,200,-0.04,-0.2,5003800,R,20.1
BME,N,1619,*,AC,DRBHCOM °,MYR,2.42,2.42,2.42,2.38,10000,2.4,2.41,38200,2.41,500,-0.01,-0.41,4966100,R,2.41
BME,N,4456WD,,A,DNEX-WD °,MYR,0.065,0.065,0.065,0.06,8176600,0.06,0.065,2111700,0.065,10000,0,0,4800300,R,0.065
BME,N,7073,*,A,SEACERA °,MYR,0.19,0.19,0.2,0.19,270300,0.195,0.2,1384000,0.195,10000,0.005,2.63,4714500,R,0.195
BME,N,5040,*,A,MERIDIAN °,MYR,0.07,0.07,0.075,0.065,3264500,0.07,0.075,4892000,0.075,30000,0.005,7.14,4679800,R,0.075
BME,N,3395,*,A,BJCORP,MYR,0.26,0.255,0.26,0.255,25171500,0.255,0.26,8231200,0.26,32900,0,0,4641400,R,0.26
BME,N,78,*,A,GDEX °,MYR,0.285,0.28,0.29,0.28,21000,0.29,0.295,836600,0.29,14000,0.005,1.75,4587500,R,0.29
BME,N,5141,*,A,DAYANG °,MYR,1.59,1.59,1.59,1.56,486300,1.56,1.57,211000,1.57,5000,-0.02,-1.26,4562600,R,1.57
BME,N,128,,A,FRONTKN °,MYR,1.69,1.69,1.72,1.67,523000,1.68,1.69,779800,1.69,5000,0,0,4541800,R,1.69
BME,N,5878,*,AX,KPJ °,MYR,0.89,0.895,0.905,0.89,255600,0.895,0.9,776800,0.9,56800,0.01,1.12,4531900,R,0.9
BME,N,9385,*,AC,LAYHONG °,MYR,0.44,0.44,0.445,0.435,501400,0.435,0.44,219400,0.44,4500,0,0,4487300,R,0.44
BME,N,5248,*,AC,BAUTO °,MYR,2.3,2.3,2.34,2.28,24900,2.29,2.31,20000,2.29,900,-0.01,-0.43,4460700,R,2.29
BME,N,7158,*,A,SCOMI °,MYR,0.085,0.085,0.085,0.075,10124500,0.075,0.08,779500,0.08,10000,-0.005,-5.88,4371400,R,0.08
BME,N,6888,*,A,AXIATA °,MYR,4.29,4.25,4.35,4.25,13500,4.32,4.33,228600,4.32,8300,0.03,0.7,4346000,R,4.32
BME,N,5099,*,A,AIRASIA,MYR,1.81,1.81,1.82,1.8,46200,1.81,1.82,104500,1.81,500,0,0,4328200,R,1.81
BME,N,7106,*,A,SUPERMX °,MYR,1.59,1.59,1.61,1.58,247700,1.58,1.59,92600,1.59,1000,0,0,4258400,R,1.59
BME,N,8664,*,A,SPSETIA °,MYR,1.46,1.45,1.47,1.44,207700,1.44,1.45,10000,1.44,6100,-0.02,-1.37,4087500,R,1.44
BME,N,0172WA,,A,OCK-WA °,MYR,0.11,0.11,0.115,0.105,1345100,0.105,0.11,713100,0.11,11200,0,0,4052800,R,0.11
BME,N,6068WA,,A,PCCS-WA °,MYR,0.145,0.15,0.165,0.15,1450000,0.16,0.165,376500,0.165,27600,0.02,13.79,4012000,R,0.165
BME,N,7247,*,AC,SCGM °,MYR,0.98,0.975,1.13,0.975,53500,1.09,1.1,337300,1.1,5000,0.12,12.24,3936000,R,1.1
BME,N,6068,*,A,PCCS °,MYR,0.41,0.415,0.42,0.395,455000,0.405,0.41,15300,0.405,5000,-0.005,-1.22,3862000,R,0.405
BME,N,172,*,A,OCK °,MYR,0.6,0.6,0.61,0.595,83000,0.6,0.605,192400,0.605,1600,0.005,0.83,3742900,R,0.605
BME,N,5246,*,A,WPRTS °,MYR,4.15,4.1,4.17,4.1,1685700,4.15,4.17,430100,4.17,27600,0.02,0.48,3691800,R,4.17
BME,N,192,*,A,INTA °,MYR,0.27,0.27,0.28,0.27,139100,0.28,0.285,554000,0.28,50000,0.01,3.7,3583200,R,0.28
BME,N,4863,*,A,TM °,MYR,3.48,3.5,3.5,3.45,640700,3.46,3.48,48400,3.46,300,-0.02,-0.57,3560700,R,3.46
BME,N,7154,*,A,CAELY °,MYR,0.45,0.45,0.52,0.45,85900,0.505,0.51,16700,0.505,2000,0.055,12.22,3502400,R,0.505
BME,N,3182,*,A,GENTING,MYR,5.94,5.97,5.98,5.86,7100,5.87,5.89,38400,5.89,1000,-0.05,-0.84,3421400,R,5.89
BME,N,5222,*,A,FGV °,MYR,0.915,0.92,0.93,0.915,621100,0.92,0.925,220100,0.92,4500,0.005,0.55,3402600,R,0.92
BME,N,5347,*,AC,TENAGA °,MYR,13.64,13.7,13.7,13.58,721400,13.62,13.64,101600,13.64,100000,0,0,3400800,R,13.64
BME,N,7160,*,A,PENTA °,MYR,4.27,4.28,4.4,4.22,2200,4.37,4.4,163800,4.4,1000,0.13,3.04,3296900,R,4.4
BME,N,5073,*,A,NAIM °,MYR,0.93,0.93,0.94,0.92,108900,0.92,0.925,37500,0.92,1000,-0.01,-1.08,3279900,R,0.92
BME,N,5211,*,AC,SUNWAY °,MYR,1.69,1.69,1.71,1.68,1005500,1.69,1.7,217800,1.69,6000,0,0,3204600,R,1.69
BME,N,4634,*,AC,POS °,MYR,1.67,1.69,1.77,1.67,173700,1.76,1.77,62800,1.77,5000,0.1,5.99,3128800,R,1.77
BME,N,4022,*,A,TADMAX °,MYR,0.275,0.275,0.285,0.275,2244100,0.275,0.28,408400,0.28,10000,0.005,1.82,3113000,R,0.28
BME,N,1066,*,AX,RHBBANK,MYR,5.65,5.67,5.67,5.6,10000,5.61,5.62,478500,5.62,21500,-0.03,-0.53,3005600,R,5.62
BME,N,2445,*,A,KLK °,MYR,23.1,22.72,23.12,22.6,1600,23.1,23.12,204900,23.12,1400,0.02,0.09,2964300,R,23.12
BME,N,5247,*,A,KAREX,MYR,0.45,0.445,0.455,0.44,1117500,0.44,0.445,81600,0.445,10000,-0.005,-1.11,2922900,R,0.445
BME,N,6637,*,A,PNEPCB °,MYR,0.535,0.54,0.54,0.54,345000,0.535,0.54,137200,0.54,3800,0.005,0.93,2870000,R,0.54
BME,N,5257,*,A,CARIMIN °,MYR,1.01,1.03,1.03,1.02,143700,1.02,1.03,206600,1.02,50000,0.01,0.99,2800200,R,1.02
BME,N,1961,*,A,IOICORP °,MYR,4.38,4.36,4.42,4.32,5800,4.34,4.38,32200,4.35,2300,-0.03,-0.68,2764200,R,4.35
BME,N,5227,*,A,IGBREIT,MYR,2.01,2.01,2.02,1.99,318700,2,2.01,113000,2,42100,-0.01,-0.5,2705500,R,2
BME,N,7158WB,,A,SCOMI-WB °,MYR,0.035,0.035,0.035,0.025,14351800,0.025,0.03,922500,0.025,45300,-0.01,-28.57,2688300,R,0.03
BME,N,5156WD,,A,XDL-WD,MYR,0.005,0.01,0.015,0.01,32110400,0.005,0.01,530200,0.01,13300,0.005,100,2599300,R,0.01
BME,N,90,,A,ELSOFT °,MYR,0.94,0.95,0.95,0.91,169300,0.91,0.915,2800,0.915,5000,-0.025,-2.66,2503800,R,0.915
BME,N,9113,*,A,ICONIC °,MYR,0.32,0.315,0.315,0.305,1155000,0.305,0.31,172900,0.31,36800,-0.01,-3.13,2499500,R,0.31
BME,N,6139,*,A,TAKAFUL °,MYR,5.9,5.9,5.93,5.88,130700,5.92,5.94,1000,5.92,500,0.02,0.34,2454900,R,5.92
BME,N,5077,*,A,MAYBULK,MYR,0.67,0.665,0.69,0.66,123800,0.69,0.695,193000,0.69,2000,0.02,2.99,2354800,R,0.69
BME,N,4219,*,A,BJLAND,MYR,0.19,0.19,0.195,0.185,2984800,0.185,0.195,1564700,0.195,1900,0.005,2.63,2322100,R,0.195
BME,N,185,*,A,HSSEB °,MYR,0.745,0.765,0.795,0.765,81100,0.765,0.77,463700,0.77,100,0.025,3.36,2237600,R,0.78
BME,N,7243,*,A,IMPIANA °,MYR,0.03,0.03,0.03,0.025,110431500,0.025,0.03,31318200,0.03,485200,0,0,2235100,R,0.03
BME,N,7181,*,A,ARBB °,MYR,0.315,0.315,0.32,0.31,1050100,0.31,0.315,485200,0.31,13200,-0.005,-1.59,2204500,R,0.31
BME,N,4677,*,AC,YTL,MYR,0.945,0.945,0.95,0.935,319500,0.94,0.945,192400,0.945,7600,0,0,2134100,R,0.945
BME,N,7155,*,AC,SKPRES °,MYR,1.05,1.05,1.05,1.03,138800,1.04,1.05,4200,1.04,20900,-0.01,-0.95,2120100,R,1.04
BME,N,6399,*,AC,ASTRO,MYR,1.41,1.41,1.43,1.41,234100,1.4,1.41,6800,1.41,18200,0,0,2105600,R,1.41
BME,N,7013,*,A,HUBLINE °,MYR,0.045,0.045,0.05,0.045,5468200,0.045,0.05,11624800,0.045,181800,0,0,2094100,R,0.045
BME,N,0078WB,,A,GDEX-WB °,MYR,0.03,0.025,0.03,0.025,343500,0.03,0.035,2042600,0.03,37900,0,0,2091300,R,-
BME,N,5398,*,A,GAMUDA °,MYR,3.55,3.54,3.58,3.54,174000,3.55,3.56,1051900,3.56,56000,0.01,0.28,2079400,R,3.56
BME,N,5219,*,A,PESTECH °,MYR,1.18,1.19,1.24,1.19,5000,1.21,1.22,311700,1.22,700,0.04,3.39,2079200,R,1.22
BME,N,5286,*,A,MI °,MYR,2.07,2.08,2.16,2.05,600,2.11,2.12,63600,2.12,3400,0.05,2.42,2031700,R,2.12
BME,N,2739,*,A,HUAAN °,MYR,0.135,0.135,0.135,0.13,5726200,0.13,0.135,1973900,0.13,41000,-0.005,-3.7,2030000,R,0.13
BME,N,5225,*,A,IHH °,MYR,5.69,5.7,5.7,5.63,2900,5.67,5.7,2000,5.7,18900,0.01,0.18,2027500,R,5.7
BME,N,7153,*,A,KOSSAN °,MYR,4.22,4.21,4.3,4.21,10500,4.23,4.24,71100,4.24,4800,0.02,0.47,2022600,R,4.24
BME,N,7029,*,A,MASTER °,MYR,1.38,1.38,1.39,1.33,16500,1.34,1.35,31200,1.34,5000,-0.04,-2.9,1958200,R,1.34
BME,N,3174,*,AC,L&G °,MYR,0.155,0.16,0.16,0.155,1415700,0.155,0.16,4312200,0.16,1900,0.005,3.23,1928100,R,0.16
BME,N,8524,*,AC,TALIWRK °,MYR,0.925,0.925,0.925,0.915,185300,0.92,0.925,178900,0.92,80000,-0.005,-0.54,1915200,R,0.92
BME,N,7113,*,A,TOPGLOV °,MYR,4.75,4.7,4.75,4.7,29900,4.72,4.74,71000,4.73,100,-0.02,-0.42,1903700,R,4.73
BME,N,183,*,A,SALUTE °,MYR,0.65,0.645,0.66,0.645,600,0.65,0.655,144900,0.65,400,0,0,1866900,R,0.65
BME,N,7180,*,A,SERNKOU °,MYR,0.68,0.685,0.705,0.68,1500,0.7,0.71,69500,0.705,2000,0.025,3.68,1856400,R,0.705
BME,N,7181PA,,A,ARBB-PA,MYR,0.115,0.115,0.115,0.11,7600,0.11,0.115,343300,0.11,20000,-0.005,-4.35,1845300,R,0.11
BME,N,5249,*,A,IOIPG °,MYR,1.15,1.15,1.16,1.14,297500,1.14,1.15,62800,1.14,3300,-0.01,-0.87,1754700,R,1.14
BME,N,5028,*,A,HTPADU °,MYR,1.13,1.13,1.15,1.1,147500,1.1,1.11,9700,1.1,7200,-0.03,-2.65,1750100,R,1.1
BME,N,2194,*,A,MMCCORP °,MYR,1.07,1.08,1.11,1.07,207200,1.09,1.1,323200,1.1,1000,0.03,2.8,1748700,R,1.1
BME,N,7154WA,,A,CAELY-WA °,MYR,0.255,0.255,0.325,0.255,300,0.32,0.325,96000,0.32,4000,0.065,25.49,1741500,R,0.32
BME,N,3816,*,A,MISC °,MYR,7.75,7.8,7.8,7.71,55800,7.73,7.74,171400,7.74,8600,-0.01,-0.13,1739700,R,7.74
BME,N,37,*,A,RGB,MYR,0.175,0.175,0.175,0.175,494900,0.175,0.18,2545400,0.175,207100,0,0,1725200,R,0.175
BME,N,7233,,A,DUFU °,MYR,2.75,2.73,2.8,2.72,63400,2.72,2.76,13300,2.73,14100,-0.02,-0.73,1724400,R,2.73
BME,N,9385WA,,A,LAYHONG-WA °,MYR,0.16,0.16,0.165,0.16,48800,0.16,0.165,891100,0.16,30000,0,0,1656700,R,0.16
BME,N,7022,*,A,GTRONIC °,MYR,1.88,1.89,1.95,1.86,16500,1.92,1.93,85000,1.93,500,0.05,2.66,1655800,R,1.93
BME,N,7241,*,A,NGGB °,MYR,0.39,0.39,0.405,0.39,23800,0.4,0.405,13400,0.405,10000,0.015,3.85,1643300,R,0.39
BME,N,6633,*,A,LHI,MYR,0.825,0.83,0.84,0.82,183100,0.83,0.835,40000,0.83,38000,0.005,0.61,1617800,R,0.83
BME,N,5212,*,A,PAVREIT,MYR,1.8,1.8,1.81,1.79,145700,1.79,1.8,3438700,1.8,200,0,0,1607800,R,1.8
BME,N,7036,*,A,BORNOIL °,MYR,0.045,0.045,0.045,0.04,103828600,0.04,0.045,16927000,0.045,100000,0,0,1600000,R,0.045
BME,N,5115,*,A,ALAM °,MYR,0.1,0.095,0.095,0.095,65900,0.095,0.1,4261200,0.095,15000,-0.005,-5,1595600,R,0.095
BME,N,7097,*,A,TAWIN,MYR,0.115,0.115,0.12,0.115,10254700,0.11,0.12,3295000,0.115,600,0,0,1586000,R,0.115
BME,N,5168,*,AX,HARTA °,MYR,5.26,5.23,5.29,5.22,45300,5.25,5.26,815300,5.26,12900,0,0,1583100,R,5.26
BME,N,7080,*,A,PERMAJU °,MYR,0.655,0.65,0.65,0.645,291000,0.645,0.65,42100,0.645,5000,-0.01,-1.53,1573000,R,-
BME,N,7204,*,A,D&O °,MYR,0.59,0.585,0.59,0.57,411900,0.57,0.575,288700,0.57,20000,-0.02,-3.39,1572600,R,0.57
BME,N,7223,*,A,JADI °,MYR,0.055,0.055,0.055,0.055,7206100,0.05,0.06,3588000,0.055,65000,0,0,1571500,R,-
BME,N,5292,*,A,UWC °,MYR,1.57,1.59,1.59,1.57,341000,1.57,1.58,125000,1.57,2000,0,0,1557400,R,1.57
BME,N,5199WC,,A,HIBISCS-WC °,MYR,0.3,0.295,0.295,0.29,2000000,0.29,0.295,141100,0.295,10000,-0.005,-1.67,1536600,R,0.295
BME,N,99,*,A,SCICOM,MYR,0.94,0.94,0.945,0.925,37400,0.935,0.94,132000,0.935,6000,-0.005,-0.53,1504100,R,0.935
BME,N,5279,*,A,SERBADK °,MYR,4.35,4.35,4.35,4.28,15500,4.29,4.3,147000,4.29,5000,-0.06,-1.38,1475400,R,4.29
BME,N,5285,*,A,SIMEPLT °,MYR,4.75,4.75,4.9,4.75,20200,4.86,4.9,31200,4.9,6500,0.15,3.16,1467300,R,4.9
BME,N,6012,*,A,MAXIS °,MYR,5.55,5.56,5.65,5.52,79200,5.55,5.59,6200,5.59,6000,0.04,0.72,1462100,R,5.59
BME,N,4065,*,A,PPB °,MYR,18.26,18.12,18.22,17.86,7800,18.14,18.22,502600,18.22,1600,-0.04,-0.22,1454800,R,18.22
BME,N,56,*,A,GRANFLO °,MYR,0.29,0.29,0.3,0.29,178100,0.295,0.3,652000,0.3,20000,0.01,3.45,1447600,R,0.3
BME,N,5213,*,A,SNTORIA °,MYR,0.22,0.215,0.22,0.21,819800,0.215,0.22,647400,0.22,4000,0,0,1436800,R,0.22
BME,N,7071,*,A,OCR °,MYR,0.245,0.24,0.24,0.235,1324000,0.235,0.24,90000,0.235,20000,-0.01,-4.08,1415900,R,0.235
